comment,good,text
4,400,昨晚没睡好，今天中午睡了仨小时。
34,1868,最近体重有点上升买了个电子称随时监督，不想昨天晚上同居的女孩说去称一下，没过几秒听见惊喊道，姐，称碎了！钢化玻璃也能被你踩碎我也是醉了，现在正浏览某宝再买一个！
38,3135,刚上大学的时候军训，那个教官人有点贱贱的，喜欢从后边踹人，一不小心就被踹倒…………军训结束的时候，教官就开始深情演讲，能把他自己感动哭……然后我们就把他抛了起来，问题是抛起来了大家都后退好几步……看着他掉了下来！还是当兵好啊，身体素质棒啊，起来还能把我们追着打……
15,888,幼师一枚，学前班的一个宝贝问我“老师，你喜欢小孩子不喜欢大孩子啊？”
13,261,去吃麻辣土豆粉，最后一口吃岔气了，当时感觉就不对，忍着回家休息一会儿胸口还是疼，就去医院了。结果去了医生就没让我出来，气胸，直接住院。住了半个多月，花了几万大洋。发誓再也不吃麻辣土豆粉了，忒贵！这算是糗事吧？
24,3282,小区里看到一哥们玩浪漫，他在无人机上绑了枝玫瑰，遥控着飞到三楼的一家阳台，然后又飞进屋里……
48,2160,小商场，我吃巧克力冰淇淋，吃完了，发现没纸擦嘴。
123,2556,今天公司蹲坑后下了个决心剪掉齐腰长发～～别问为什么
29,1262,公司高层来我们基层调研，到我们单位的是位副总，笔杆子小李又开始嘚瑟着发报道，还把稿子发到我们单位群，其中有这几句话“某总深入基层调研一线生产生活情况，与一线职工同吃同住......”我@了他一下，说：“在职工前面加个女字就更好了。”就在这时，某副总@了我一下：“到我办公室来一下。”我擦，谁把副总拉群里来的？[哀怨][哀怨][哀怨]
3,240,看糗百很长时间了，一直未发～～～本人做小吃生意，正忙的不可开交时，一妹子过来问，鸡蛋灌饼多钱，我说五块。这时，妹子又来了一句，哦，来个煎饼果子！憋着笑看向在一旁的熟客，满脸通红的他差点笑出来～
11,875,这是一个充满女色诱惑的世界，到处充斥着大胸，美腿。。。无下限的勾引着男同胞们的欲望。就比如扣扣总有那么几个女色头像给我点赞，每天都和签到一样，节假日还加班加赞，关怀的无微不至。心想二十几年的守身如玉不能因此而破了，因而想了一妙招。次日换上头像说明我是gay，然后。。。基友不回信息了，朋友不理了，连我妹都怀疑我的性取向了。。。
27,808,食堂里的那个青椒肉片，看起来全是瘦肉片，可是吃的时候怎么净是肥肉，我抬错盘子了吗
19,1031,下班回家摸着口袋有枚硬币，就给了儿子说当他零花钱。儿子嫌弃的说：我今天会用这一元硬币挣到50块钱，信不信？
51,1001,各位，买不起iphone8或8P没关系，一千块总有吧？去买一份意外险30万的，按最新残疾标准，切了小指头即为10级伤残，2天赔付3万到你账上，苹果全系列任你购了。不要切多，切多了也是赔3万！这个比什么卖肾靠谱多了！
2,244,今晚叫外卖要的锅包肉，想骗骗老公，老公下班看到桌上的锅包肉并不奇怪，我说这是我做的，跟百度学的！老公说，是吗，那我可得尝尝！然后吃了一块说真好吃！好老婆，你跟老公说说你是怎么做的……我勒个去，只用这一句话我特么就尴尬了…………
14,926,“喂，姐夫，我小舅子打电话给我，让我赶紧把节礼送过去，他小舅子催他了。”
46,1542,终于找到了能坚持下来的锻炼身体的方法：
53,3765,听老姐说，我小时候两三岁时。吃桔子不会剥皮，总是追着让她给我剥。
12,849,今天晚上出去和同学喝酒，那个嗨啊：推杯换盏，其乐融融！……
3,181,说说我们的奇葩老板――
27,1339,出差几天回来恰逢老婆大姨妈来了，一直憋着，你懂的。今天称体重，发现比出差前重了一斤，老婆说外面的饭比家里的好吃呀，为表忠心，我说，要不是你大姨妈来让我射一次这一斤就没了[哈哈][哈哈]，老婆白了我一眼说，切，就你那玩意儿剁下来称都没有一斤重，卧槽，伤自尊了哦，你特么是有多嫌弃，匿了[大哭][大哭][大哭]
34,2225,表姐出嫁时，按风俗要表弟把表姐背上车，临上车前到处找不到表弟，，最后在厕所里找到哭成泪人的表弟，表姐感动的说“姐嫁人了，又不是被卖了，姐随时能回来的。。”
21,1956,跟我妈说脚趾痒痒，我妈说是不是长脚气了，，一旁玩积木的小侄女头也不抬悠悠的说“肯定是呗，那么小的脚，被你这么大一堆肉压着，脚不长脾气才怪”
172,2299,不知道有没人关注这件事，医院急诊抢救病人剪坏病人衣物，遭病人父亲索赔1500元，后在警察调解下医院赔了1000元。这就是所谓的弱势群体，让救人的医护人员何等的心寒。这还是成功抢救了，不成功这要闹成什么样！还有，医院开始不答应赔，后在警察调解下赔了，这样以后抢救病人的流程中是否要先保全病人财物再抢救？不敬畏生命，不感恩，不讲理，真是哗天下之大讥！
1,130,我不知道是不是坟，今天跟同事在一起开玩笑。我说城市套路太深了，俺想回去农村。结果我同事说，你想太多了，农村路太滑，照样不好走。。
29,1083,"本人80后,出生农村，长相着急了点，思想也正统，大学那会儿想买套西装，那是我生平第一次进专卖店，想着无非也就是两三百的事（已经觉得很贵了），直到售货员翻过牌子看到4888元的那一刻，简直懵逼了，然后我居然淡定地说：“有没有其他款式”还假装一脸嫌弃地翻了翻那件衣服，售货员怀疑地上下打量了我一番后又给我推荐起其他款式，直至我各种嫌弃逃出店铺钻进路边一家麻辣烫小店，售货员还在疑惑地望着我……"
33,2576,刚才去买橘子，捡了几个大的，然后老板一称，差了点十块，然后她放了一个进去，又多了一点，我说那你就多放一个嘛，最后那老板淡定的把橘子拿出去，多套了一个塑料袋，刚好十块。[捂脸]
55,1168,真的是有干爹真好，别的不说，说我媳妇吧，今天果X可到了，是媳妇她干爹送的。我也叫干爹的。有时候去他家玩，很大的别墅，晚上就是不让走，非留着过夜。还记得有一次在阳台上，干爹说把他朋友从国外寄来的酒拿出来喝，你还别说，外国的酒劲就是大，喝点都醉了，第二天早上起来还不上头，媳妇说一直在我身边看着我，喂我蜂蜜水。
25,1026,背景: 在国外念书
0,118,你在与不在， 我都在近旁， 你走或不走， 我都在那里， 一直一直， 陪伴着你， 守护我守护的每一个誓言。
67,3258,男友父母开的诊所，楼主学过医，经常在那帮忙，唯独插不来针头，几次把病号手撮一堆洞，无比尴尬。
73,2543,今天老公突然跟我说:老婆，你知道吗你有个特点？我问啥特点，他说脸瘦身子胖，因为你经常活动你的嘴。。。。。是说我贪吃？？？。。。我该削他吗[哀怨][哀怨][哀怨][哀怨]
81,2088,可悲的是，渣男确实比较容易吸引人，而老实本分的，没有那么多花花肠子，没有那么多甜言蜜语，木头一样的也确实吸引不了人。
21,1819,老板：有一个好消息一个坏消息告诉你！
1,204,"今天听到老师的手机铃声是《if you 》,然后就跟前面一哥们讨论这个，恰巧被刚睡醒的同桌听到，于是:“啥子玩意儿，姨父油？你大姨夫流出来了？”说完还特别一本正经的帮我擦手，用面纸一个指头一个指头的擦……(谢谢你们长的那么好看还给我笑脸)"
40,4189,儿子在门外闹着要吃跳跳糖，妈妈在厨房里忙着，就说在哭闹就打你。
186,7812,"小区门口修车师傅生意特好。人实在,只要不换零件，常常不收钱或只收个块把钱辛苦钱。"
14,1035,同事珍珍，女汉纸。大清早来了委屈的不行，说带的一袋面包搁茶水间，上个洗手间的功夫就不知道被谁拿走了。
59,1390,工地急着交工验收。不知道老板从哪找了十几个人来帮忙穿线。
8,179,大学时候的真事，在上高数的时候看上了别的系的一个女生，后来又是微信套近乎，又是打电话没话找话的，当时也没什么钱，送不了什么贵重的礼物，一直没什么结果，后来也差不多放弃了，突然有一天她主动约我出去，很高兴，我还计划了一堆约会的行程计划啥的，结果我们直接就开房去了。。。。我还觉得她突然开窍了，结果第二天我发现我被拉黑了。唉，
10,1115,上学时有天去网吧上网，一下玩忘了时间，到家都八点多了，正想着进门怎么跟父母扯谎，忽然听到屋内父母在和人说话，心想家里有人应该不会打我了。打开门一看，卧槽！班主任家访
89,10111,我擦地呢，媳妇接个电话，说是她姐要来，媳妇放下电话就抢我手里的拖布，让我坐沙发上看电视。
136,8598,我有一个女同学，人丑，但她还挑，相了几十回亲，每次都鄙视的跑出来不同意。
72,4165,儿子放学回来书包一甩：爸，考了个好成绩，今晚弄点好吃的犒劳犒劳呗！
7,209,家有三岁萌娃，吃完饭在看抗日神剧，二丫头在我旁边嚷嚷着要看奥特曼，我没理她，一会她又来了，问我:妈妈你看的什么？我说打小鬼子的，她说好看吗？好看啊，那是奥特曼厉害还是小鬼子厉害啊？当然奥特曼厉害了！后来这句话说完就毁了，她就开始闹了，说我奥特曼厉害你不看，为什么非看打小鬼子的啊，小鬼子有没有奥特曼厉害，然后各种理由，最后她赢了
31,1022,最近脑袋可能锈了，开车去车站取快件…到地方了，发现没带身份证、驾驶证等有效证件…车也不开了，坐公交回去取身份证驾驶证[捂脸]手机又没电了[衰]…话说济南的BRT真心不怎么快…！
61,3773,最近朋友圈流行起这样一个段子：真正的婚姻是这样的，有时候，你很爱他，有时候真想一枪崩了他。大多数时候，你在买枪了路上碰到了他爱吃的菜，买了菜却忘记了买枪。然后过了几天，一想，不行，还得买枪......
27,1891,不知道你们有没有遇过，去家水果店买水果，问榴莲多少一斤，老板头都不抬飘句：这个贵！25！当时心想这老板啥态度呀，立马转身去隔壁水果店买了28一斤的榴莲，心里想着多花点钱也不跟你做生意！直到去买过几次后才知道这两家店是一个老板～～一家生意冷淡，一家爆好还卖的贵
24,2648,准备大胆尝试下短发，想找个老板做头发，也不好意思开口，一进理发店就跟人家商量:一定要用心，细心，一会儿还要去相亲呢，得找个高手。
1,149,前两天在淘宝上买个东西卖家一直不发货  我催了好几回都不发  然后昨天我说你到底发不发货  我今天晚上要是在看不见你发我就半夜打电话骚扰你啊 这大哥回了个嗯然后果然发货了
34,499,我的奶奶，年轻的时候很是强势，小气，欺负我的妈妈，有一次我奶奶又说我的妈妈，我妈妈说:妈，你不要那么凶，你老了还要靠我的，我奶奶说我用的着靠你吗？我有六个女儿，我要是老的时候我靠你我就下贱，我妈妈连续生了2个女儿，更是瞧不起我的妈妈，我是老2，在我阿姨家做的月子，我奶奶去县城经过那里都不曾看过我一眼，还说了很难听的话，我现在已经25了，我的奶奶不曾给过我1毛钱，买过一件衣服……在我想住在我妈妈家带小孩的时候，还不让我住，说是她的家，我要住的话，她就搬到老房子去住，现在确实我这个她讨厌的孙女在家照…
21,1496,老爸以前有驾照，因为一些原因没审过，就和我们一起重新报考，科目二的时候我们几个都过了，唯独他侧方位停车没过，老爸很郁闷，各种找原因，最后他说：“肯定是因为昨天帮老李家抬棺材，给吓到了，怪不得感觉方向盘那么沉，跟有人拉着似的！”…老妈在一旁说：“别给自己找借口，隔壁老李家的棺材都是新的还没躺过人呢！”
27,1406,大姑打电话告诉我说大表姐回来了，在某酒店学了一年厨艺，特意买了虾，鲑鱼，螃蟹，野猪肉等，让我们这辈尝尝手艺。我了个去，这对我来说简直就是山珍海味啊～
8,1454,嫂子过生日，感叹又老了。分割。小侄子听见了，说：“妈妈别担心，你不会老的，因为我过生日的时候许愿妈妈永远年轻，”嫂子一顿感动，正准备亲上去的时候，小侄子又说：“但是这个愿望只有在你不骂我的时候才能实现”。
2,205,宿舍里几个人练瑜伽。。。
32,1504,邻居俩小子，趁他爹午睡，用草纸浸上酒，贴在他爹脚心，一受刺激，他爹自然就醒了，俩兄弟被一顿好打。
46,1722,小时候喜欢吃甘蔗，可根本咬不动，就屁颠屁颠的跑去找大表姐帮忙咬。她咬一口把水嚼得差不多了转身递给小表姐，小表姐放嘴里继续嚼，嚼完才递给我，到最后我吃到的都是她们的口水！！
365,11008,表嫂说生娃时，生了好几个小时没生下来。医生说孩子头大，需要在下面剪开一下（据说这叫侧切）表嫂怕疼，赶紧说：别切别切，我自己能生。
36,1629,有一次放假回家，坐在在火车站的肯德基等车，旁边一个大哥打电话:喂，闺女啊，车什么时候到？哦，还有两个小时是吧，行，爸爸现在就到车站了，对，在外面等你呢，你穿的多不多啊？今天外面可冷了，嗯嗯，去什么肯德基，爸爸又不吃东西，没事了，你不用着急，爸爸等你。挂了电话之后，大哥手一搓，大口吃起来了面前的薯条和汉堡。
22,383,刚看糗友发的，我也讲个小时候的真事，千真万确。
37,1180,嫂子给老妈买了一条金项链，老妈整天戴着出门就跟别人夸：我大儿媳给买的，三千多呢
25,2175,我的一个异性朋友结婚当天，她的初恋男友突然来化妆间找她，当时她内心闪现的是悔婚私奔生儿育女的戏码。岂料初恋男友却对她说道：“那…那个，你这有小零食吗？你知道我有血糖低这个毛病，离宴席上菜还有好一段时间要等，我撑不住啊！”
12,1364,闺蜜新交了个男朋友，拉上我去掌掌眼，下班后，她男友来接我们，高高大大的挺帅！！
11,1349,我家对面拆迁改造，爷爷搬个小板凳在路对面坐着看，一边看一边抹泪，我问爷爷：对面没有咱家房子，你哭什么？爷爷悲愤的说道：这一个房子几十天盖不好，几分钟就给拆完了！”  “那有什么好哭的！” “我就是那个盖房子的，看着手疼啊！有几家还欠我工钱呢”
4,331,今天看了段很励志的话，成功就像怀孕，很多人都会恭喜你！可是他们确不知道，你搞了多少回，搞，，多少回，，，回，，＠_＠
18,789,士兵:“营长，我想回家看看我媳妇，”营长:“不行你才来一年还不能离队。”士兵:“营长，我老婆三个月前怀孕了。”营长沉默了一会道:“准了，你看一个连够不够？”
211,14105,老公不喜欢我打麻将，我向他保证以后绝不打了！
30,1976,街坊一邻居有点二，最近结婚娶了老婆。老婆有点丑，街坊就和他开玩笑，问他：“你和你老婆办那事，看你老婆的脸，怎么还能硬起来的？”他说：“这你就不懂了，剪几张美女、明星图片，贴在老婆脸上，想R谁就贴谁的图片，越干越来劲……”
78,5808,朋友说他老婆痴迷日剧，时间一久，学得象个日本娘们。每天会把地面清扫得一尘不染，回家给你端茶递水，这都算了，关键还特么羞答答得问：亲爱的，是要先吃饭、先洗澡，还是……先“吃”我呢？
2,180,"今天上着班哼着曲""走啊走，说啊说，哪里有不平哪里有我，哪里有不平哪里有我～"" 这时同事来了一句“你是筑路队的么” 我……！！"
32,892,有一朋友在沧州棉麻公司当了俩月司机，棉麻公司全厂禁烟抓到一次200第二次500第三次1000第四次直接开除出厂，他第一天就弄了个全餐被抓三次把当月工资扣完还欠单位100元
93,2999,公司前段时间发生了一起火灾事故，由于员工的及时发现，领导现场指挥员工全力扑救，最终没造成太大损失。。。。事后，领导让我查监控，写事故报告，明确告诉我多找监控中的亮点写报告。。。。。后来，我发现监控几个领导下车间时嘴里的烟头很亮，很亮。。。。。
19,1297,傍晚去学校接侄儿，他刚上完二胡兴趣班，出了校门就让我给钱买饮料喝，侄儿拿着钱，让我帮他拿着二胡和中午吃饭用的饭盒，他自己去买。
52,5639,小外甥来家玩，进门脱掉鞋子。还没有换拖鞋呢，就光着脚跑到沙发上蹦蹦起来。我连忙说，不穿鞋，脚好脏，不能在沙发上蹦。小家伙听了，愣了一下，跳下沙发，穿上鞋子，然后有跑到沙发上继续蹦蹦开了。
15,245,当我在大街上摔倒周围人对我笑时 我就爬起来再摔几次，笑死他们！！
47,4218,销售内蒙古一种野生的壮 阳，草药，遇到一个老板，让我送货上门。
26,1441,"刚听到婆婆和别人打电话：是啊是啊，有的媳妇啊一吵架就摔电视，摔冰箱的！太不会过日子了！我家那媳妇儿，最严重的一次和我儿子吵完架刷碗，刷着刷着""啪叽""摔了个碗！那次她砸了两个碗…事后我看了一下，家里唯一两个烂口的碗没了…"
112,6655,偶遇一学护理的同学，问他：当年想考女生最多的卫校找媳妇，现在怎么样了？
58,1877,从一个单纯妹子变成一个满嘴飙车的老司机是个什么样的体验？男性朋友说他媳妇下面毛毛好长，我直接来了句“咋滴？扎嘴了？”。。。那朋友跟他媳妇好几天没理我，嫌我把事儿说的太恶心了[奸笑][奸笑][奸笑][奸笑][奸笑]
20,235,什么叫吃货？跟朋友逛街，路边停这一辆奥迪
28,2335,朋友给我诉苦最近被罚睡客厅，睡得腰酸背痛，问他原因
34,2247,表哥是做熏肉的，这天有个老客户打来电话说：兄弟，你能给我寄点熏肉嘛？
96,2700,跟男朋友逛商场，逛完到我家吃饭，吃饭时，男朋友问到彩礼，我妈说:随便给意思一下就行了，男朋友忙摇头：阿姨，我们刚才逛商场，看到30年的茅台比没年份的贵十倍，你看你们家女儿也快珍藏了30年了，至少得值一万块吧。。。
131,2897,有个朋友要买车，满世界借钱，问了我，二话没说给他转了1.2万。一个礼拜后车提回来了，提车第二天就把那1.2万给我转回来了！我问他，发横财了？他闷了一口酒，淡淡的说，我借钱买车有两个原因。一是想测试下身边有多少愿意借，二是，断了那些平时关系好却没借给我的人以后想问我借车的念头！我能抽一口烟。呵呵，高！实在是高！要不是我有车，我还真想借来开几天！
3,201,"看了琳琳多日的直播，突发奇想我要弹古筝，中午买回了一架，双排孔，12cm长,演奏起来一吹一吸，为毛我的古筝与琳琳的不一样……"
14,1275,教练喊我拿驾照那天，正赶上教师节。看好多学生买花送老师。
27,1800,晚上九点多女儿还在看电视。
29,1926,感觉胸口有东西在叮咬，我啪的往胸口猛拍了一下，媳妇听到响声楞了一下;过了会脸上也有点痒，我又拍了一下脸。
31,924,这波牛皮吹大了！在苏州找了家成都冒菜吃饭，老板问要什么辣度的，做为重庆人，直接说特辣那就有点太狂了，来个中等辣吧，没吃两口，这特么是真辣嘴，汗流浃背，问老板怎么搞特辣的呢？老板说他们的辣椒是从湖南过来的！[哀怨][哀怨]
11,190,计算机考试，领导让我替他考，结果没过。。。最悲催的是60分合格我考了59。。。求助各位糗友，我该怎么办。。。-_-#
28,2293,楼下有个很瘦的老太太在卖芹菜，大家纷纷出力想让她早点卖完，我也买了十块的。
33,4745,在楼下碰到隔壁李大妈和李大爷散步，我和李大爷打声招呼，李大爷支支吾吾用手给我比划，我正纳闷了，几天不见李大爷怎么变哑巴了。身旁的李大娘解释说：他的大门牙掉了，儿子带他镶个金的，现在人多的地方都不敢说话，怕别人掰他的牙。
10,1210,去集市上买青菜，路过买朝天椒的摊位，顺口问了句：这辣椒辣不辣。
55,3477,多年以前经常在广西各个城市出差，宾馆里床头都会有小名片，只有电话没地址哪种，闲的无聊，就收集、然后把柳州的放在玉林，把玉林的放到来宾…
4,130,锄地不用犁，下一句是什么？
7,857,男朋友喝的酩酊大醉，不省人事。我很担心他，在朋友的帮助下把他送到医院。
139,4573,上周门口的火锅店突然搞活动，充一千送一千，那个火锅店开四年多了，我一看就知道是骗局，那个火锅店应该是要圈钱跑路了。
21,798,男生用“没事，不疼。”欺骗了多少女生；女生用“啊，疼！”欺骗了多少男生。
261,9925,上大学那会处了个女朋友，处了两年才知道是我一个远房表哥的女儿。得叫我叔，两年了该做的也都做了，你们懂的。后来亲戚都知道了这事，让我情何以堪，不过也没说什么。现在分手了，每年过年她都向我要压岁钱。
1,162,"在糗百刷了这么久，也是污的没谁了，每次朋友问我，在干嘛？总会把别人的问候”在干嘛”想象成，在,干,吗？我真的快没救了"
52,1461,今天跟朋友开车在路上，看见前面一辆车车牌和朋友的差不多，我就说：前面那车车牌好像跟你差不多，17680，巧了！朋友看了看，说:嘿嘿，确实差不多，我17680，他也17680！我们俩都笑了笑，五秒钟过后，我们几乎同时反应过来，朋友大喊：操特么，套老子车牌啊它！ 随后一脚油门就追上去！  快追上时，前车可能也发现了我们，也加快了速度，朋友也直接跟了上去！。。。。结果，额，，我们还是没赶上人家
106,10157,昨晚睡的太晚，做梦当皇上了，再也不用为相亲苦恼了，当朕去后宫的时候朕哭了，没有妃子，宫女都没有，哭着哭着就醒了，这梦太TM的憋屈了[大哭][大哭][大哭][大哭]
92,7252,回想大学生涯…至今无法忘记第一次和男神打招呼时，他那复杂的表情…
26,1277,我们整个寝室都干了一件奇葩的事，大一的时候我们发现寝室安在天花板上的有个风扇风很小，坐在下面基本感受不到风，我们一直以为是风扇安的角度有问题，直到大三装饰寝室发现贴在天花板上的装饰被吹得呼呼啦啦响，才发现风扇是装反了，一直向着天花板吹，怪不得没有风
5,210,我怎么突然感觉“借口”这个词好污，
32,3583,老爸整体吹嘘自己喝酒几斤不醉，几瓶不倒… 昨天晚上爸爸出去喝酒，他朋友打电话来说老爸喝多了，让去接…  我看到老爸的时候已经醉的一塌糊涂，赶紧把他带回家，路上吐的一车都是…
21,2210,老公谈恋爱时忒爱干净，宿舍收拾那个整洁呦，勤快人，第一次带他去我家时，一丁点儿不担心，定能留个好印象，结果这货啥也没干，回来我问他:你不是勤快人么？为嘛啥也不做？他怏怏地说:你家太埋汰（脏），收拾不出来！
16,1464,看球，憋了一大泡，客厅里有一盆栽，正嘘嘘六岁的儿子回来了，一脸茫然，我故作轻松说浇浇花。一会媳妇引着几个要好的闺蜜回来了，研究十字绣，我在卧室玩手机，忽然听见有人说，哎哟，看你家小子能的，原来儿子正在若无其事的“浇花”，还说我爸就这么浇花呢。。。“那啥你们聊，我出去抽根烟!”
11,1137,我家闺女今年四岁了，上幼儿园中班，开始学习写字了…
9,463,吐槽一下外卖小哥，最近被外卖小哥欺负了，订了餐一个小时才到，饮料也没带，没带还让我自己挑，挑啥耶？还不好意思，不好意思我也拿你根吸管
26,2484,妈妈脾气不好和邻居闹过矛盾，之后两家也就没什么交流。。。
106,9419,陪闺蜜去男票家，七大姑八大姨的看着我一顿夸：这姑娘真不错，就是就是！！！我赶忙说：不是我，不是我，我来蹭饭的……那也是我最后一次陪闺蜜见家长。。。
46,5337,二表哥是个女儿奴。星期天一家四口去公园，小女儿坐在老爸肩头，两只小胖手拍着老爸的脸颊，从家一路拍到公园门口。
50,2269,初中，老妈拿回来一瓶干红葡萄酒。我没喝过，偷偷喝了一口，那个味道有点不习惯，然后我听说红酒美容，把那一瓶酒都用来洗脸了，我妈回来后，骂了我一个小时～
20,2157,打车去一地，路遇一小车祸赌起来了。司机开始骂起来:“中 国交通就是垃 圾，什么违停的，乱变道的，逆行的，这么多违法违规，交警TMD也不管一下。”我只好附和着说，是是是。司机又说:“对了，兄弟你先把钱给我，我们跑黑车的最怕被看见收钱了。”
98,12948,那年，我打扫学校的服装道具室，不小心弄断了放角落里的几块木板。我只好到工地找了相似的几块木板放回去。
19,2060,哥们带儿子逛街，突然闹肚子，手上没有纸，正好前面有个妹纸发宣传单，走上去，接过一张宣传单，哥们又找妹子多要了几张宣传单，他儿子在旁边说，“爸爸你擦屁股够了，别浪费人家的宣传单……”结果妹纸把宣传单全抢回去了……
50,3226,有的人真的很奇怪！做事总喜欢拐弯抹角，直接点不好吗？就像上次我表白的小伙子，不喜欢我就不喜欢我，直接告诉我不就得了，非得撒谎说我长得丑！
27,3161,晚上回到家，老婆用手机边拍我边问：“不是说加班吗，怎么有酒味？”
12,340,大概两年前，糗百里美腿大胸照盛行，虽然刺激，但是看的老夫身体每况愈下，而且那时糗事已经很少了，发的一些糗事也都没有通过审核，于是就退隐江湖了。今天我想重出江湖，不知道有没有老司机扶我一把……
13,2881,老婆：老公，家里风扇换了！你重买一个！
20,1778,出差了，晚上跑同事小李房间聊天，聊着呢他老婆发来视频邀请，估计是查岗吧，他就跟媳妇聊上了，我只好闭嘴。哪这么巧我也接个电话，还没有说两句话，就听见他媳妇在嚷嚷：“卧槽你屋里咋有个野男人！”卧槽，谁是野男人？[哀怨][哀怨][哀怨]
5,1857,办公室里，某位男同事帮女同事完成了一项工作，男同事笑嘻嘻:说吧，你要怎么感谢我？
21,1164,看看我家，我爸的支付密码是我妈的生日，我妈的支付密码是我的生日，而我的支付密码是前女友的生日。。。。。。。。
3,208,公司搬家了，一切都还好，唯一舍不得就是楼下卖标致车的！
42,400,做人呀，嘴一定不要太贱，刚才我在侧方停车的时候，一个年轻人骑着电瓶车，带着一个有五十多岁的老头，由于下雨，后视镜看不清楚，我打开车窗擦后视镜，可能耽误了有1分钟不到的时间，然后老头就骂我，我就回他一句：你都几十几的人了，张口就骂，给自己留点儿口德吧，说真的，我火很大，在车里我就没在继续跟他扯，小伙子骑着车就走了。过了大概五分钟，我开车经过路口的时候，发现那辆电动车被撞了，肇事司机是醉驾，也是一点儿意识都没有了，现在是深夜，也没什么人围观，但我还是认出来是那两个人。由于车祸挡住了路，我只能停车，那…
49,2369,家住市南区，公司在市北区，每天上下班路上就要浪费一两个小时，犹豫再三，最后决定在市南区找个地方上班…
1,1060,我：要下雨了，去叫妈妈收衣服！
30,3344,好友中午带来生鱼片，让我尝尝，吃了一片，好友问我怎么样？感觉挺好吃的，凉凉的…问她是不是芥末过期了，味道有点像薄荷！好友点点头：嗯，忘记买芥末了，放了点薄荷牙膏！我瞪了她一眼：牙膏能吃啊？好友幽幽的说：所以才让你先尝尝…我。。。
18,1021,今天遇到的最奇葩的事
44,4317,头疼，跟老公撒娇说：我头有点疼，今天你烧饭吧可以吗？？
22,1831,同事生日时女儿给买了个三百多块钱的打火机，高端大气上档次，点烟时倍有面子，就是一想抽烟就伸手跟人要这点招人烦……
37,1252,"人家科三都是挂在了打灯，而我倒好挂在了科二，MD,快到坡顶杀出一辆大货车，我停那之后就忘了科二的半坡起步，愣是上不去……直到现在我还不敢去练车，科三挂了回来练科二多…多丢人啊"
51,2462,儿子今天在学校跟同学打架，他把别人打哭了。
7,241,跟着岳父去他朋友家串门，中午吃饭，几个人一起喝酒，我一看，嘿，下酒菜还真不少，有干锅，有水煮，有香煎，有油炸，有清蒸，有焖炒，闻起来味道那叫个香啊！一上桌子，作为晚辈，我就给每个长辈各敬了一杯，再被长辈各回了一杯，加上吃了很多肉，头就有点晕，这时我问主人家：叔，这些个好吃的都是什么啊？我咋都不认识！他们一起哈哈大笑，等他们介绍完才知道，原来干锅做的是猫肉，白水煮的是沙虫，香煎的是山蝙蝠肉，油炸的山老鼠肉，清蒸的是臭肚鱼，焖炒的是野猪肉！
68,13365,早起送女儿去幼儿园，小丫头站楼下看看天空，不走了，哇的一声哭了起来。
11,1158,就刚才，刚看完地笼回来，肚子不舒服，脱掉防水裤，换掉衣服着急忙慌的向屋外奔去。轻松下来，点了根烟，拿出手机，拉的很嗨啊。烟灭要拿纸起身，我懵了:哎？我纸呢？在哪呢？完了，忘带了。给我爹打电话:“爹啊， 救命啊！”我爹:“要纸是吧，等会，我看完这集电视啊”
17,1198,和十岁的侄子聊天，他马上要过生日了，我问他想要什么礼物，他说想要平衡车，我说，可以，不过你得说句让我爱听的话，小家伙想了一会，说“嘿，宝贝，你又漂亮了”   …………[捂脸]
105,1041,不知道说什么一亩地的棒子卖了700元，整体卖的，抛去化肥农药，浇地的电费，种子钱，还有一些杂七杂八的钱，不算人工，一亩地的能挣300元，真的好高。
2,140,怎么办，上了政治理论课之后，我觉得我的世界观有待拯救
79,1814,有份资料扔车筐里了，跑去拿才发现正下毛毛雨，想着不能打湿了资料，直接撩起T恤衫踹怀里带回来了，一进办公室，没多想就从T恤下摆抽出资料，晶晶嫌弃的接过去说:“你能不能矜持点？看你这姿势，好像从肚子里掏出个蛋！”
30,1260,老妈年纪大了，身体不好，姐姐特地从外地给她买了几盒阿胶，告诉她常吃这个对身体好。前几天回家，看见阿胶只吃了半盒，还剩下好多。遂问道：“妈，怎么不吃呀？这个对身体好，补气养血的！”老妈：“我这年纪大了，牙不好，这阿胶块太硬，咬不动呀！”“那什么，妈，牙不好还能吃半盒，已经很不错了，人家这个是冲水喝的好不！……”
32,1896,微信摇到一妹子，看照片浓妆艳抹，怀疑不是什么正经人。。。
28,1820,公司保安大爷60多了，打了一辈子光棍！今天突然晕倒了！大伙有的掐人中，有的摇晃呼唤，大爷慢慢睁开眼睛，第一句话就是：太特么吓人了！
4,168,总有一个回眸，是为你而转身；总有一份过往，唯美了整个曾经；总有一个归人，护你不再飘零。有些人，波澜不惊却是不离不弃；有些人，繁华似锦却是曲终人散。而这一路上所有路过的风景，都是为了让你遇到那个最懂你的人。
46,2387,男友来家里玩儿，帮着老妈做饭，老爸一脸欣慰的说“怪不得别人都说懒人有懒福。。”
64,4725,朋友家三年级的儿子写作业错了，老师批评他，他还振振有词——割——
15,1088,躺在床上，老婆：老公，老公……
131,3050,本人有一个女闺蜜送的大熊娃娃有一米八，就躺在我床上放着   背景介绍完毕
21,165,看来要男女大战了互喷了。以下个人意见勿喷。结婚还是要有感情，觉得这个人好才是真的。有车有房有存款没有感情到头来还是可自飞。白白浪费双方的青春。（房子车子都是婚前财产，离了后啥也没有）现在这个社会我想车房很多都不是自己拿钱买的吧！大多数都是父母拿钱买的。现在把父母仅有的哪点钱都拿出来了以后他们老了还是要自己负担。以后担子就更重！（家里很有钱的不说）。生活的好坏要靠自己双手去挣。日子要两个人用心的去过。要坐享其成除非你是官二代富二代。兄弟姐妹们生活要自己去打拼，日子用心过。天上不会掉馅饼的！有苦才有…
4,419,老妹单身很久了，一直没对象，那天跟我出去坐公交，身边站着一个小伙子，小婊砸一直往人小伙子身边蹭。
19,1656,一只小猫放笼子里，笼子的门坏了。我和堂哥展开激烈的争论，怎么才能把笼子门堵住，小猫才不会跑出来。
34,2060,记得小时候，上学之前给我老爸要零花钱，当时老爸的几个朋友都在跟前，我就说给我两毛钱，我爸说行，掏出来一看，没有，就只有一个五毛钱，我就死活不要，必须要两毛，然后老爸就说五毛钱拿去吧！不用找了，我还是只要两毛钱，最后老爸火了，五毛不给了，还把我收拾一顿，现在想想，真可笑
41,1085,发个接亲的真事。去接亲，新郎伴郎在门外求了好久，红包发完了，歌唱了，四五个小时都不开门，最后新郎说不开门他要自己回去了，然后真的自己开车就回去了。去接亲的都在新娘家吃了饭现场那个尴尬。然后陆续的接亲的人都要回到新郎家继续喝酒，晚上新娘的弟弟自己又把新娘送过来。伴娘一个都没敢来
6,251,陪儿子看电视，一个动画电影青蛙总动员（好像是这个名字）。一只小青蛙跟妈妈走散了，经历好多困难最后终于找到妈妈，我儿子，3岁7个月了，看到小青蛙和妈妈抱在一起，钻到我怀里，抽抽涕涕的指着电视：麻麻，以后再也不要，给我看这个电视了，太不好看了……说完就哇的哭了……儿子你这么心软又多愁善感的，将来怎么办
88,5145,昨晚跟媳妇儿商量，打算要个三娃…
15,1009,带着老婆孩子去老丈人家玩，儿子看着小院里那葫芦藤上结的三个葫芦，他硬是让我摘下来做成葫芦丝吹给他听。
50,6685,小侄子今年上幼儿园大班，前几天小侄子被请家长了，老师反应最近他上课老睡觉，下课出去玩，上课就睡觉放学回家后，我嫂子就问小侄子，老师说你最近上课经常睡觉是什么原因？侄子停顿了5秒钟，然后说因为下课太吵了睡不着。。。。
186,3179,大学里的班干部拿着助学金买苹果手机 我是一个低保家庭的孩子，一点补助不给我，我还连屁都不敢吭一声，算糗不？
10,224,赵高给秦王出馊主意。秦王被蒙蔽双眼，甚是开心。
152,1605,现在流行晒自己女朋友有多漂亮，殊不知，媳妇漂亮没好处，许仙娶了漂亮的白素贞，结果自己当了道士，相反，齐宣王娶丑女无盐女，成就齐国霸业，诸葛亮娶丑女黄月英，成一代贤相。。。照这个思路推理下去，谁娶了我，就有可能当联合国秘书长
12,963,离开了几年的前女友今天突然来看我，发现我还铺着她当初买的床单，枕着她买的枕头！她叹了口气说，都分手这么长时间了，你还没有忘记我，还用着我当初买的东西。我说，不把它扔了是因为它还可以用，如果是因为你买的或者用过的我就把它扔了，毁了，那我的小弟弟和你的小妹妹亲蜜接触好几年，我岂不要挥刀自宫？
63,4665,啊...啊...啊...好爽...好爽.......
22,1064,我父亲上小学的时候，书本学杂费2.5元一学期；我上小学的时候，书本学杂费35元一学期；现在我儿子上小学，赶上好时代了，书本学杂费全免，生活费450元一个月；也不知道以后我孙子上小学的时候还能赶上什么更好的。
4,216,最讨厌女的把我当成凯子，和你在一起，我所有的东西都可以是你的，花多少我都不心疼，不在一起，花1毛我都嫌多。
55,12005,5岁多儿子欺负3岁多妹妹，闺女儿嚎啕大哭，臭小子理直气壮恶狠狠安慰：“妹妹，别哭了。你4岁前的事情以后反正记不住，让我欺负欺负有什么要紧！”闺女哭得更厉害了。
436,4445,唉结婚五年两个儿子，大的刚上幼儿园，小的十个月，没有公公婆婆，就靠老公自己挣钱，入不敷出，明天我要带着小儿子去上班了，加油！我是最棒的。困难都是暂时的。孩子大了，放开手脚就好了。
20,1317,给3岁的儿子往盆里放水洗澡，儿子在旁边说爸爸我要热水，我赶紧把水调热点，他又说爸爸我要热水，我想这小孩真牛，我摸着都烫了他还闲不热，赶紧调的更热了点，没想到儿子生气的说我要的是热水，不是烫水[撞到玻璃]
22,973,今天领导在我边上说烦躁，我竟然拍马屁地附和到:“我也好烦躁！”领导问:“你烦躁什么？”为了让马屁拍的自然一点，我反应那个快呦，答到:“她们都说我丑！”哈哈哈哈……机智如我！领导看看我，竟然特么的信了……
2,192,正在餐厅吃饭，楼主突然感觉嗓子不适，便咳嗽了几声，边上桌的一个老娘们拿个纸巾晃半天是个什么鬼？还盯着我，离你那么远有这必要吗？
22,2077,带小侄逛街，看见一对情侣在大庭广众之下，又啃又摸的，太有伤风化了，教坏孩子，我狠狠的呸了一口！
15,1401,同事小魏号称千杯不醉。前阵子聚餐，不到一小时，丫跑洗手间八趟，最后一次甚至不知去向。我们好不容易找着他，丫赤脚抱着大堂柱子偷偷乐着。我们把他往沙发随手一扔，继续喝酒。
35,976,据说孩子一出生第一个看见谁，将来就像谁。我知道以后，每次当得知附近邻居有谁家要生小孩了，我都跑的比孩子他爹还频……
44,1261,我靠，赶紧发个热乎的。我在上厕所，我听到隔壁有人在吃东西，还吧唧嘴，我应不应该告诉他这是厕所。
8,337,小时候家里穷 看到有钱的同学吃盒饭 感觉好高大上 那时候我就发誓 以后长大了 一定要顿顿吃盒饭 现在我蹲在路边吃盒饭 感觉没有以前的感觉了
18,767,十九岁的小表妹不顾家人反对，毅然奉子成婚。
167,8371,年后一直在外地工作，今天乘车回家，到家后顾不上十几个小时的舟车劳顿，行李一丢直奔女儿所在的幼儿园。
33,2577,今天，公司发了秋天的新工作服，老板让大家说一下有什么建议，下次好改进。
36,850,开会，经理正在上面唾沫四溅的展望未来，我坐在下面默默地撕扯嘴唇上的皮，擦，用力过猛撕掉一大块，飙血了！疼的我喊了声“痛”就抓紧把嘴唇含在嘴里安慰。
1,134,说一件前段时间发生的糗事——分割线——有一次去单位食堂吃饭，这边吃饭是排队打菜然后刷饭卡，而且荤菜和素菜是分开的，打完荤菜再打素菜，我让食堂大婶打了个荤菜后，对大婶说:给我打份黄瓜片，就在这个时候，后面一同事也过来了，他看人不多就绕到我前面了，把餐盘伸出去，指着黄瓜片前面的那个菜说:要一份那个。一般都是先来的人先打菜，但是那个时候的情况是，那个同事在我前面，然后我先说的，阿姨可能有点乱了，就打了一勺黄瓜给了我前面的那个同事，然后那人一脸懵逼，愣了一会儿，缓缓的说了一句:我要的不是这个……
37,2302,我们单位女会计非常抠，昨天上午她说腿疼，别人听她形容一下就对她她说去医院检查一下吧，别是股骨头坏死了，她下午就去医院验个血预约了磁共振，回来后说花了六百多块如果没查出来病她就亏大了。我接了句是不是查出来股骨头坏死你就赚了？她说是～
22,1391,带侄子侄女去朋友那，回来时我忘了带自己的衣服，背景交代完毕。
65,3630,准备跟男朋友分手了！
42,980,朋友小学老师一枚，那天给我讲有个小学生造句:下课铃一响，老师就安详地走了，，，，，
12,233,割了也比胖香多，
22,2265,闺蜜身体不适让我陪着去看医生
50,1568,女同学对我小声的说：我有一张对面新开宾馆的优惠卷，不知道环境怎么样……我冷哼一声：拉倒吧！优惠卷都是骗人的！……她气呼呼的走了，难道我说错什么了吗？
54,2335,表哥结婚n年，表嫂一直没怀孕！
24,894,老妈拿了双新鞋给我，我穿上试了试感觉还不错，赶紧对母后大人表达谢意以及自己的对新鞋的喜爱。。。顺口问老妈怎么想起来给我买鞋子了？老妈看我喜欢也非常开心的笑着说：本来给我自己买的，穿着显老气，给你试试，你要不喜欢我就拿去退货，你喜欢送你穿了！我。。。
1,284,租在一个小胡同里。刚走路回家，后面有灯光照过来还伴随着摩托喇叭声。我脑海里快速的计算着……灯光在我左边，听声音很近了，我要快速躲向右……哎呦撞抽筋啦
50,2911,闺蜜经常换男票，她怕两人没话说尴尬，约会常拉我去当灯泡…
26,1122,娶一个胖媳妇是一种什么体验？就是两个人吵架，你哄她不成，然后想直接抱着她回屋睡觉，悲剧的是你抱不动~
88,2354,因为遗传，我和老爸都是那种吃不下药粒的！有一次老爸灵光一闪出了个主意，把胶囊分开把里面的药粉用水和开，跟我妈说：活了这么多年，终于想出了好方法，药水容易咽下去！
59,3052,早上起来准备给那爷儿俩炖鸡，失手打碎了那只陪伴我将近二十年的砂锅。我那叫一个心疼啊！一个多钟头了，一直在念叨这砂锅为我们家立下的汗马功劳。听得老公一脸无奈：你就算是给这砂锅开追悼会，时间也差不多了吧？
5,205,之前打工加的同事微信，上了一星期的班就再没去，后来也没删微信，也没有联系，人家隔三差五的发微信要红包，什么今天儿子满月啦，明天过生日啦……我都好尴尬呀
19,1273,一个刚毕业到单位的实习放射医学生，再给女患者做胸部透视检查，患者一进检查室，就问要不要脱衣服，实习生说，不用，然后，患者却毅然决然的脱了上衣，实习生表示很无奈。
21,1165,附近新开了一家盲人按摩，我去试试。才到大堂，听到一个女汉子对服务员嘶吼：“你这里是假的盲人按摩！”
27,2212,昨晚下班吃完饭后，我一直陪着父母看电视聊天，我妈夸我懂事了，不像以前吃完后就一直拿着手机玩！
47,1741,就刚刚――我们车间上班时间走路比较多，车间为了减轻工人劳动强度，自制了几辆小电车代步。因为电车的轱辘是实心的，颠的很厉害，我们下了夜班就在群里跟领导反应。有的说颠的屁股疼，有的说颠的手都麻了，也有说腿肚子颠抽筋了。我忽然想到糗百的一个神评，脑袋一抽，手一抖发了个：男人颠出了三条腿，女人颠出了自来水。。。。。。现在群里炸了锅，都在问谁是落落……
3,217,哈哈第一条就通过了，很有动力！    2010年在上海马戏城上班的时候，我煮了一份酒酿圆子多了一点，我就拿碗留了起来准备忙过了在吃，结果有个师傅叫光头，他要来抢我这碗酒酿圆子，我们正抢的激烈的时候，我啪的一声吐了一口口水在里面。他就走了，哈哈！圆子就是我的了。到了下次他也煮了一份，也多了，我也去抢，他学我吐了一口口水在里面，啧啧，这我能忍！我也啪的一声吐了一口在里面，哈哈，他那个脸，现在想想都搞笑。
3,410,小时候特别调皮，我妈根本就管不了，这是前提……哥歌割
16,1031,财务危机，瞄上了正在午睡的女票
38,2040,lz是个馋嘴的小胖纸（背景），朋友问lz:你有啥不喜欢吃的么？噢，对了，你海鲜过敏，不喜欢吃海鲜！lz:我喜欢啊！只是不能吃而已，又不影响我喜欢！
106,4445,玩过枕头战的都知道，拿着枕头互相打，不疼，但是开心哈，今天在姑姑家客厅，七个表亲一起，抱枕，枕头，垫子，公仔什么的，玩得不亦乐乎，老弟扔不赢，都是挨砸。直到他到厨房拿出一袋米，20KG往我身上一扔，慌乱里我没看清，以为是个枕头，伸手去接，差点被砸死。
27,313,楼主在新疆，割…什么？？
20,987,上学早上在食堂吃饭，看见斜对面一女生把鸡蛋放桌上用手掌压着滚一圈，鸡蛋壳全碎了再剥就一下全掉下来了，我有样学样也拿个鸡蛋试试，只是用手一压一滚，不仅壳碎了蛋也全碎了。。。
55,2237,店里新来一销售什么都不懂！擦车的时候看到发动机里凌乱的线路担心的说：用湿毛巾擦会不会漏电啊？电压高吗？我不敢擦啊…
38,2101,我有点晕车不厉害，但车里有人抽烟就厉害了。有一次跟人拼了一辆面包，车里两个男的抽烟，抽第一根时我忍了，第二根时实在受不了就挺客气的说能别抽了吗，我晕车，一个男的就吧啦吧啦，说什么男的抽烟就跟你们女的化妆一样，我难受实在懒得理他，他又点上一根烟，过了一会儿我华丽丽的吐了他一身
40,1168,小时候经常想着汽车轮子是空的，压过去应该不会疼，为什么老会有压死人的事情，困扰了我好几年，老想着把脚伸进去压一下试试，现在想想，真特么蠢到爆！
2,175,楼主没事总爱撇手指，就是卡卡响的那种。女同事在边上看，我把手指撇完就转头，然后转腰，炫耀道“怎么样，看我屌不？”她拍了我一巴掌还骂我耍流氓，给我搞懵了！
49,1229,在车棚里推车，不小心碰到隔壁的车，它“叽哩哇啦”叫了起来，吓的我说:“哎呦卧槽，你想吓死劳资啊！”同事看着狂叫的我和车，笑着问我:“算了香，别跟它一般见识，你又吵不过它，要不你俩打一架？反正它不敢还手，，”
23,835,从前，有个楚国人，坐船渡河时不小心把佩剑掉入河中。他在船上用刀刻下记号，当船停下时，他沿着记号跳入河中找剑，遍寻不获。有人问他：为什么渡河时不寻? 他说：河那么深，当风险大于收益，应该捡回的是命，而不是剑。那人又问：靠岸为何又寻? 他说：不忘初心！
31,1216,朋友去算命，大师说她的名字叫刘娟，没财运，改个名字就能顺风顺水了！今天告诉我，花了680，改名:刘恩秀！真是醉了，土的要死！[捂脸]
25,822,最近嫌头发披着不舒坦，于是在后边扎了个小鬏鬏。
19,177,我现在好烦呀，做着自己不喜欢的事，一个人在外漂泊，没有依靠，但是为了以后只有坚持，可是真的好累呀，怎么办，
12,803,真事.昨天裸睡蛋蛋被蚊子叮了，洋的很，今天实在受不了了，就翻柜子，找到瓶类似风油精的东东，擦了一下，刚开始几秒也就微凉，现在...卧槽，这酸爽....刚洗完蛋蛋回来写这个，今晚看来注定是不眠夜了
370,14300,一次历史考试，问:1966年至1999年发生了哪三件大事。一奇葩同学是这样回答的:“1969年，我爸出生了；1972年我妈出生了；1995年，一个晴天霹雳，神一般的人物——我诞生了！”然后这张试卷就在公告栏里挂了一个星期！
14,2464,本人爱钓鱼，看见渔具店老板晒视频，说一个小伙子给老丈人买渔具，夸小伙子孝敬，我一看路子深啊，小伙子把老丈人拉下水了，再出去钓鱼，媳妇问跟谁钓鱼去，嘚瑟，小伙子可直接怼她，陪你爹去，行不行
42,915,昨天弟弟和女朋友分手了，觉得糗，就不想让兄弟们知道，但是又没有人可以聊天，就给我打电话，哪知道我手机竟然欠费停机了，今天充了话费，看到有他的未接电话，打过去问他。。。。。。
3,235,大家有没有觉得最近各种推销电话特别多。我前天接一个说房子投资的。我说没钱。他不是劝我买，而是复读机式的问我：那钱花那去了呢？那钱花哪去了呢？气的我说：花哪也不花你那里。丢粪坑还能听到一声响？
79,3116,堂嫂跟我堂哥结婚后都没来过我家。
29,889,和前男友分手快十年了，一直是朋友，偶尔还会在微信上聊聊天。今天偶尔翻手机的时候，竟赫然发现他的微信名写着“情敌-1”！震惊于这种唯恐天下不乱的幼稚捣乱，我劈头盖脸地就骂了回去，说他刻意制造不必要的误会。然而他无辜地回说自己从来没有改过自己的微信名。。。我仿佛明白了什么，猛然回头，只见前两天翻过我手机的二货老公躺在一旁在那装作像没事人一样的东张西望着。。。
43,1775,昨晚加班加到十二点多才回家，女友嫌我重工轻她，跟我吵了一架，然后趁我睡着的时候把我的闹钟调前了。不说了，这会儿正蹲在公司门口懵逼中。
11,954,闺蜜喜欢养金鱼，叫她男朋友给她买几条。
6,200,我是不是不该没事儿就看糗百了
2,415,"第一次去男友家见他父母，我很紧张，问男友:""你父母喜欢什么?""男友说:""父亲没什么，我母亲喜欢人家说她年轻。""我默默的点点头。见了他父母，二位脸上眉开眼笑，谨记男友的叮嘱，开口叫:""大姐大哥好……""二老脸上笑容凝固，男友妈把他拉过去低声问:""你确定你带回来的是女朋友而不是长辈?""男友搔搔头，脸色尴尬。"
41,2064,我闺蜜很花心，男票啥的特别多，有天我问她：明明有男票了，为毛还有辣么多男的追你？快说说 我学学！！！ 她说没啥秘诀，反正人家问我单身吗？我都回答单身…… 我去…
25,1980,和陌生人最有默契的一次～～嗝嗝鸽鸽～～平时去公司吃早饭喜欢一个人坐，那天也一样一个人坐，没两分钟来了个哥们直接坐我旁边了，旁边有空的桌子他都没坐。说时迟那时快，我拿起鸡蛋敲了一下然后在桌子上滚了一圈就看了那哥们一眼，哥们愣了两秒默默端着餐盘就换地了。兄弟，回来呀！我不是让你滚蛋，真的！
34,1827,情人节那天和男朋友约好去逛街，见面后各种暗时他该送玫瑰花了！
2,116,都说蛋蛋凉，可是突然摸到一个热的，是不熟了啊，
17,1149,七夕那天去一女同事家里拿东西，一进门就看到一大束玫瑰花。我很惊讶的说:喔哦，谁说你嫁不出去啊，这花都送来了，什么时候开始的？女同事垂头丧气的说：别再补刀了行吗？那是别人送我妈的。
46,2803,在大成都，我哥们一天心情不好，去酒吧喝酒，喝的烂醉。第二天醒来在如家酒店。他感觉菊花疼，就下去问前台谁送他来的。然后查了监控是一个不认识的男子。。。。！原来不光女的会被捡尸，男的也不安全啊！
66,3230,什么叫两种性格？
49,1042,你都想不到我看到了啥！一个花腿蚊子飞到我指甲盖上了，我一动不敢动的观察着它，它着陆以后就开始伸出口器试探着点点我的指甲盖！那一通忙碌啊，就是吸不到血，急死我嘞，指不定它心里都开始骂我皮厚戳不动了，，
2,245,今天打开空间看到是是我一小学同学发的动态大概内容如下，“狗肉怎么做才好吃？？”(并且配图是她家哈士奇把她家弄得像一个战场一样。)
36,987,和阿泽聊天，我说：“我们这有家卖烤鸭的，每次打包的时候都把鸭屁股切下来，留给… ”
52,8640,中学时，同桌被高年级的一个同学打了。他喊来他哥哥前去报仇。
33,6306,初中有一同学，非常会赚钱，一天，班里的土豪让他去买东西，跑路费5块，后来他天天去，再后来，他的生意就让我抢了(︶.̮︶✽)
20,1196,楼主年龄不小了，每次回家都被家人催尽快找个女朋友解决婚姻大事，后来实在是催烦了，直接回答说，我不喜欢女的！
1,407,今天坐公交，人比较多，帮别人刷卡，一连刷了好几个，我同事就说，刷着好爽啊！我不屑的看了他一眼，刷的不是自己的钱当然爽！
83,4672,小时候邻居大爷骗我说:“其实轻功很简单，就是左脚用力的踩一下右脚，然后往上一跳就行了。”
12,1059,高中……课间无聊就掏出一枚硬币抛着玩，男同桌看我抛硬币似乎想到了什么:贱贱的跟我说，我们初中那会儿…最喜欢…把硬币…滚到女同学的裙子底下…然后在过去捡硬币的时候偷偷看一眼……笑的那个贱~然后我一愣神抛出去的硬币就没接住掉地上了，然后刚好滚到了我的裙子底下……同桌看着我的眼神~眼睛里充满了探寻的目光……
30,2759,大表哥家添了个儿子，在群里说起名叫梁墨，大家都开玩笑说不好，墨，不就是又黑又土，又有人提议说改沉默的默，本着糗百精神，神来一句:那不就成了梁黑狗了，现在大表哥要追杀我了
6,806,现在我市规定上高速的大巴车乘客必须要系安全带。不然不能上高速，被交警逮到司机会停职。今天刚下飞机，坐机场大巴要回市区。最后有一个男的上车后，站在走廊看了一眼乘客们之后。边戴上墨镜边大声说“我是今天第一开上高速的大巴”然后坐到驾驶座上。然后发现周围的乘客们都在系安全带。我恍然大悟也系了起来。
81,5991,（小学的班主任跟我爸认识）那时候有篇作文，我的爸爸，作文书找了一篇照抄了一遍 ，班主任当全班同学的面没忍住大笑起来：你爸连初中都没上，还会德语，你很虎啊！
17,1951,今天单位让出差，领导关怀备至的问还需要带什么吗？
48,1744,最近公司几个女同事回家路上，屡遭被劫！我担心的问会跆拳道的男神，下班后能不能送我回家？
29,2546,上学的时候，我学习不好，有一次开小差，被老师发现了，老师准备点我回答问题，一时想不起我的名字，就说：“那个穿黄色外套的同学起来回答问题。”听到这里，我默默的脱下我的黄色外套，老师：“你今天就是把裤子脱了，也必须回答这个问题”我……
20,3653,公交车站，一个男的和一个妹子拉拉扯扯。周围人议论纷纷。有的说是小两口闹别扭了。有的说男的耍流氓……
4,217,说一个小时候的事，那时候农村都比较穷，吃点东西也少，我们四个小伙伴一起合伙买了半个西瓜，杀得时候总共杀了5牙西瓜，拿的时候都捡大的拿，有一个小伙伴就直接拿了个小的，我们都很纳闷，那家伙平时心眼就比较多，我们几个都在偷着乐，结果我们还没有吃完，人家拿起剩余的那一牙西瓜，几个人都明白了。我们不约而同的都喷了出来。算好笑吧。
8,423,初一的时候，几个同学去爬山，下山的时候，走的快的都到山脚了，我和有个妹子还在半山慢慢往下走，妹子看到山路边有一个脸盆大的石头，就笑话我一定搬不动，我当然不服气，她就说我搬动就任我处置，这么好的机会我当然不会错过，搬起石头就向山下扔去，看着石头一路向下翻滚，正得意，山下就传来同学们的一阵尖叫。原来，石头擦着另一男同学的耳朵滚下了山。为了弹妹子个脑瓜蹦，差点就闯大祸了。
44,3218,上周五，印尼一萨满自称法力无边，跳进满是鳄鱼的池塘里作法，要鳄鱼将一具少年的尸体送回来。结果自己被鳄鱼拖走溺亡。两天后，萨满的尸体与他寻找的少年尸体一同浮出水面，均完好无损。
59,1103,我有一万个去见你的理由，唯独没有一个去见你的身份。愿我们各自安好。若上天再给我一次选择的机会，我会选择从没遇见你，因为太痛！致最熟悉的陌生人——今天是我的生日！生日快樂
21,4937,同事家孩子问姥爷“狗吃不吃屎？”姥爷答“吃！”孩子又说“那你吃不吃屎？”姥爷答“不吃！”孩子“你还不如一只狗！”然后孩子被胖揍！
24,562,刚才跟女票聊天…问到，你喜欢我啥？她说:待在你身边有安全感！我就问了:安全感？说说看…比如呢？嗯…嗯…她哼唧半天说到:就比如说我两在家里，灯突然灭了，我不是去找开关，而是找你～
84,5645,小外甥着凉了，姐姐姐夫带他去医院，医生说要打点滴，姐姐打电话把我喊去了。
13,1237,和一公司销售经理俩人一起路边摊吃烧烤，越聊越兴奋，酒后，俩人都打起了赤膊。他一看我肚子上有道阑尾炎开刀留下的疤，兴奋的说，我也有诶，你不知道我做阑尾炎手术的时候，跟我一个病房的傻逼，刚开始死活不肯让女护士给他刮JJ旁的毛，进去的时候要死不活的，出来了还死皮赖脸找护士要割下来的阑尾说是要收藏起来，你说好笑不好笑？哈哈哈哈。。卧槽！这不是在说我么？
46,837,昨晚宿舍熄灯我在洗脸，由于怕眼睛进水就闭着眼睛洗。揉着揉着，突然听到后面有脚步声，我灵光一闪，故作深沉地说:“即使双眼失明，却丝毫不影响我追捕敌人，因为我能闻到他们身上的臭味！”然后我就听到了班主任在我耳边低语:“这位同学，中国未来的电竞就交给你了，到现在请你快点上床睡觉。”我浑身一抖。
23,2223,刚刚买了几斤板粟拿回家，外甥急着要吃，我：“剥开的时候看一下，小心别吃到虫了。”外甥：“为什么是我小心它，应该是它小心我啊，难道它不怕我把它吃了吗？”这……说得好像有点道理呀……
0,188,领媳妇转街。
25,935,刚才看微博头条，马蓉拒绝和王宝强离婚，宋喆被逮捕拘留了，果断点赞支持宝强离婚，我妈看到了说  宁拆十座庙，不破一桩婚   好吧，老妈，我没法跟你解释
30,956,昨天约了个女网友见面，逛完公园，说要去吃饭，快到一家高档饭店门口，我心想：可千万别在这家吃，于是不由地加快脚步，她一拉我说：咱们就在这儿吃吧，我走不动了。我说：快走，除了这家哪家都行。可她死活就要在这家。我说：那你请便，然后我就走了
33,1612,老公喜欢逗家里的狗狗玩，总是把它的玩具藏起来然后让它去找，或者踢玩具让它去捡。它不喜欢别人玩它的玩具，总共三个玩具，有时候咬一个，用爪护住一个，还有一个没法保护，又被老公丢走了。来回跑忙乎几次之后，它放弃了保护玩具，走到沙发旁边叼起老公的鞋子就往沙发底钻，然后咬，它平时不咬鞋的。老公只好乖乖把它的所有玩具都送到它面前换回鞋子。这智商我喜欢～
17,2417,昨天去吃火锅，店里墙上写着:羊是自己养的，菜是自己种的，油是自己榨的，请放心食用！结账时，我脑抽了一下，对老板说:钱是我自己印的请放心使用！明显看到老板的脸抽了一下！
4,165,人生第一次发帖……不割还要用……楼主深圳上班，刚在深圳北站准备出站的时候看到一个帅气外国小伙子问地铁工作人员：I what to Guangzhou ，fast line 布啦布啦一串……大意是他要去广州怎么走，只见那大妈说“C！C！”让他从c出口出去，还怕人家老外听不懂单词，在手上比划C怎么写比划半天……惯例这不是重点，接着大妈往垂直电梯一指，打算让小伙子坐到F2层，大喊“F2!  F二！”没错，不是F兔，喊的F二……纯手打，求过！
182,5991,毕业后的第一份工作，老板人特别好，后来老板变成了我的姑夫…后来换第二份工作，老板特别帅，为人正直，这个人最后变成了我表姐夫…后来换了第三份工作，经理又成了我妹夫…  最后一份工作，我决定要把老板变成我的人！在新公司上班两天才知道老板是女的。。。
53,4034,刚才我爸打电话问我国庆回不回去，我说不回，他说你回来的话我不逼你去和哪个女的去相亲了。我大喜，正要说回。他悠悠的来了一句:隔壁村的阿沿就不错，又高又帅，也不肯和女的相亲，要不你试试……
11,2729,带女儿去她姥姥家，她舅舅家的两个孩子抢电视遥控器吵起来了，只见女儿背着小手，不急不慢走到他们前面，一跺脚，说到：哼！妈妈说了，你们两个不要吵架，要还手！我……
47,932,拿着标有  色 差  的大标签顺手就贴在了自己肩膀上，我带的新手徒弟是个呆萌小美女，她犹豫了好一会儿，委屈的问我:“香姐，是不是做这个工作的都不能长得漂亮？”
2,279,说个今天的真事，上午去客户那里干活，我们当地把干活的工具叫家伙式儿。当时工具找不到了，想了半天忘了家伙式儿这个词，懵逼的跟客户说，我的武器忘拿了，等下我回去拿了再过来。说完看到了客户一脸蒙圈
4,834,有个哥们儿五大三粗纹身比较多，为人也很仗义，就是看见姑娘就慌的说不出话。有一次相亲，哥们非要拉着我陪同！对面姑娘也是不怎么说话，两人尴尬之于，姑娘找了个话题：你纹这么多纹身是不是特耐脏啊？原谅我当时一口茶喷出来！耐脏……哈哈哈哈哈哈
4,976,和闺蜜一起坐车，这妞上车看中一帅哥，然后装没带钱对帅哥说到：那边穿白衣服那个帅哥，看你英俊潇洒，肯定是好人，然后指指投币口。结果帅哥一转头对后面女生说，媳妇，你看她把我说这么好，你就投资下吧！
25,1246,女同事过生日，大伙在她家疯了一夜。早上她不好意思的跟我说：“你这么节俭的人，内裤都破了个洞，还送我这么贵重的礼物！我都有点不好意思了！”我听完就懵了！她怎么知道我内裤破了个洞？我没喝酒啊！[疑问]
21,871,坐车回老家，低头看这坨，差点笑出声。旁边的帅哥也伸着脖子偷窥。
4,180,同事说她有天下班回家，从地下车库上电梯，进去以后里面只有她自己，她按关门键，感觉半天门也没关（其实是正常的延迟），她就有点慌，一边狂摁一边合计，是不是跟进来什么东西……恰巧这时候旁边电梯门也开了，还没有人出来，她就想，完了完了，都进来了，怎么办怎么办……她就感觉好像身旁有东西了，吓得不行，这时候门慢慢关上了，等到达楼层走出电梯，她都不敢回头，虽然老公在家，她进门的时候还小声对身后说，出去出去！其实呢，啥都没有。
21,576,我出生的时候，爸妈想拿我去同村一大婶家换个男孩子养，我家里有一个姐姐了，那个时候很喜欢男孩子，大婶家有三个男孩子，大婶不同意，然后我爸妈说，要不定个娃娃亲吧，老大老二随你挑，离得近，也有个照应，大婶看上我家一块良田，还要各种东西各种刁难，然后我就被留下来了，转眼二十多年过去了，大婶家三个儿子都还没女朋友，老大已经三十多了，大婶请人上我家为她老大老二老三都提过亲，要娶我姐，老妈都说我姐在外面，不能做主，上个月我回家参加婚礼吃酒席的时候，大婶跑来挨着我坐，然后说丫头，你过年过节都一个人回来，你也老大…
44,1036,同事整天抱怨说 她女儿早上赖床不肯去学校     怎样  怎样   表示好无奈
27,2004,这几天迷上巧克力了，每次去超市都得让男友给带几盒回来！男友每次看我吃的欢快都是欲言又止的！
11,836,刚才看到有趣的一幕，有个大爷骑自行车，自行车比较旧，车铃不好用，大爷手里拿个惨叫鸡，边走边捏当铃声，声音那个惨
7,202,和弟弟六岁相差年龄比较大这是背景   割～～～   经常看到他抱着毛绒玩具熊睡觉    忍不住好奇就问他你不是喜欢小汽车吗？为什么要抱着小熊睡     我弟弟就给我说抱着小汽车冷睡不着不舒服     好吧我的智商都没了
16,865,习惯是个可怕的东西，即使本来讨厌的一旦习惯了也觉得无可厚非，比如：穷
20,3811,邻居小子口腔溃疡，被折磨得焦眉辣眼的，我手一挥把他招过来：有个单方敢用不？这小子眼睛一亮：快说，叔。我压低嗓子，故作神秘的说：找八个女生亲一下就好。这小子半信半疑。
18,2806,我的一个室友在回寝室的路上捡到一个钱包，里边有好几百块钱，一看证件还是一个女生，室友选择还了回去，这个女生对她有了好感，便在一起了。就在我们羡慕不已的时候，突然间他们就分手了，室友像向我们哭诉。这时寝室里的传来一个幽幽的回答∶你也就别伤心了，你捡的那几百块钱也就只够玩这几天的。
113,10362,侄子在学校把他们班主任的儿子揍了 ，我哥被请了过去。
5,269,人们在聊天，说怀孕的人不能吃兔肉，吃了孩子会长三瓣嘴，我妈急忙说不会不会，之前怀LZ时就特意吃了，想看看是不是会长兔唇，结果居然没有。妈，您这口气，好象很失望。。。。 这就是亲妈（转）
27,3212,我在医院做电疗，突然来个5、6岁的小兔崽子一下把电疗仪扭到最大挡，我从床上蹦起来了。那小子想跑被我一把揪住。他妈跑进来说：对不起，小孩以为是他爸呢，离婚了不管我们娘俩。他爸总在这做理疗。我说：小子下次看准了，别扭这玩意，直接用刀。
27,864,去老公同学家做客。
22,1517,有一天，闺蜜和男朋友吵架，一直在哭。看的我心里那个纠结的就说：好歹你也叫你男朋友买辆宝马坐在里面哭，不然都对不起你那眼泪。我那傻闺蜜说：我们这里有共享宝马吗？
53,2609,晚上加班，经理把他上幼儿园的闺女带来了，小萝莉一直趴电脑玩游戏，经理说对眼睛不好，不让她玩！
23,465,我叫王根基，这天第一次到女朋友家里吃饭，刚进门，她爸就热情的握住我的手说：＂你就是根基吧！＂
36,1009,家门口有个烤面筋摊，挺好吃的。我问老板为什么不去学校门口卖，肯定赚大了呀。老板：“我这个不卫生，不能给孩子们吃啊”……
45,1186,每年自己过生日，我都会主动打电话给母亲，向她老人家问好，感谢您把我带到这个世界。感觉我做得对的请点赞。
18,1095,"一朋友去夜店玩后回来说，没想到那妹子还挺文艺的，是个三国谜。咋说呢？因为床头贴了字条，上书""草船借箭""。这什么情况？不懂。刚刚在某段子看到某丝的广告策划，才明白过来，草船借箭，就是何惧操？随便射。污，太污。"
7,969,早上，给外甥女做早餐，一盆瘦肉疙瘩汤。
14,259,聊微信有一种人，你发语音他就发语音，你打字他就打字。你改发语音他又发语音。你打字他又打字跟你聊。很有意思。
31,1104,大学时，和同学们一起去找在酒店当保安的一高中男同学玩，去了他工作的酒店，临走时他悄悄地就把我一个人拉住说:“等会，我给你留了点东西！别让别人看见！”我擦！莫名的兴奋！没一会就看见他偷偷摸摸地拿出一个黑色袋子:“我给你装了点酒店的空白废账册，都光着呢，我看他们扔了可惜，偷摸给你装了点，拿回去可以打草稿！”说完他得意地冲我笑笑……
11,1248,临下班，我打印文件让老板签字，先后让他签了三回。
26,1044,做完大保健跟技师吵上了，我不屑道：“拽什么拽，不就是个卖的吗！”她冷笑道：“有俩臭钱了不起啊，出了这房门老娘鸟都不鸟你！”我马上火了，拔前台电话：“换个房间，技师不换！”
26,1944,我毕业不久就结婚了。工作上碰到有些对我有点意思的女孩，我据实相告，介绍给我朋友。
2,138,凌晨参与一场激情“杀人”！和同事小于在我家，她有点内急，我就让她在我家解决。我在客厅等她。就在此时，有人敲门，一看，原来是我爸找的装修人员，他们进来，不知是见色起意，还是觉得只有俩女的在家，忽起抢劫之意，就和我们两个女的起了冲突…莫名其妙的，其中一个男的就把另一个杀死了，搞得满是血…感觉家人要回来了，我瞅了个机会逃出去，战战兢兢地告诉他们这件事，又担心小于在房间有危险，情急之下跑到不远的门卫那儿打了报警电话…因为自己逃了出来，生怕小于有什么不测，内心非常焦灼…一会儿看见小于从别的地方提了个热水壶…
14,1082,傍晚，我开着车往家赶，媳妇坐在后排，我能看到媳妇脸上幸福的神情。
17,1413,今天带闺女去上幼儿园，学校操场有一条跑道，闺女非要我陪她走一圈火车道的游戏，她做车头我拉着她背上的书包在后面当车厢，小嘴巴念叨：你是我的小火车呀，永远不出轨，我是你的美人鱼呀，永远不劈腿。我怕踩她后脚跟，就侧着在她旁边走，突然她大声说：爸爸，你出轨了，出轨了，知道吗？
3,834,同桌上课睡觉，睡出来一桌子的口水，然后我让她擦擦，她不干，后来上课的时候，新来的代课老师让她回答问题，也巧了，老师让她回答问题，顺便说了句，“把你桌上水擦擦！！！！”
32,795,正在加班，手机弹出一条新闻，宋喆被抓。太开心了！看着手机里的新闻，被主管发现了！问我:不专心上班，看什么呢？
14,223,表弟肠胃炎晚上九点去急诊，想着不就输水带四百多够了，到那让做三个检查，彩超 验血完事输水 钱就差十块钱 就十块，我兜里真没钱了，微信有钱，收款处不同意微信支付，只好向护士求助，没一个给我十块钱的，认为lz想要她们微信号。。。十块钱啊。。。。真难为我呀！天理啊！在哪？
75,3341,同学的糗事。他小时候半夜地震，同学老爸夹起一双迷糊的儿女往门口闯。太紧张了，出大门时夹着两个孩纸怎么也出不去。同学老爸咬咬牙一狠心，扔下同学抱着女儿跑了~
33,822,那年，英语是我的短板，英语四级又双叒叕没过，我无法领毕业证。我心灰意冷的回到家。老爸最近失眠，他药柜尽是各类安眠药，我挑了一瓶进口的，全倒进嘴里。我躺在床上，心有不甘，毕竟我还是个处男啊，但又沉沉睡去…是我的屁将我炸醒的，拖拉机般轰鸣！难道这是死前的症状？！我拿起药瓶，又拿本英文字典一查，尼玛，是酵母片！还好英语是我的短板……
44,3187,一朋友今天给我打电话说：媳妇跟别的男人跑了，现在身无分文。只想买醉。我那个同情啊，于是请朋友喝了场酒，买完单后问朋友到底怎么回事。朋友回答：今天媳妇带着儿子回娘家了，好不容易能出来喝场酒。
36,2765,(^_-)，昨晚在家加班饿了，吃了小侄点零食，我哥看见劈头一顿骂：你吃光他的零食，还不放100块钱在他袋子里，让他明天自己买！。。。好吧，我放了！
25,252,感谢篇……昨天看到个哥们说丢了好几年的QQ找回来了！昨天我也试了一下，没想到藏！丢了三年的QQ还真找回来了！  谢谢那哥们的糗事提醒！
25,864,最美好的生活方式， 不是躺在床上睡到自然醒， 也不是坐在家里无所事事， 更不是走在街上随意购物； 而是，和一群志同道合的人， 一起奔跑在理想的路上， 回头有一路的故事， 低头有坚定的脚步， 抬头有清晰的远方！ ​​​​
19,938,小时候到舅舅家拜年，舅舅比较偏爱我，压岁钱给小表妹50块，偷偷塞给我100块，到了晚上，妈妈对我说：按照咱们家的规矩，压岁钱上一百的得给大人保管，我默默的把手伸进口袋里，把钱扯成了两半。。。
20,1919,同事大哥的老妈妈八十多岁了，过年的时候我去看她，见她在炕上盘腿大坐，抽着烟，屋子里烟雾缭绕。
11,849,女儿十岁，一天，我好玩调侃她，“姑娘，如果有一天，一个有钱的小伙子和一个很穷的小伙子同时追你，你会选择谁结婚呢？”她笑嘻嘻地回答我“我选个长得帅的结婚！”这答复把我给惊呆了！
0,163,呆头呆脑的小明正在写作文，他写了一句话：我妈妈是35岁的中年妇女。老师在35岁旁边写多余。小明改后是：我妈妈是多余的中年妇女。
61,5751,小姐弟俩端着碗在门外吃饭，姐姐不小心碗掉地上碎了。
32,3957,老婆打律师电话咨询：“律师先生，我家有家暴怎么办？我可以报警吗？”
55,3955,前几天室友老是跟我诉苦，她说：“兄弟，我也不知道什么问题，每天我一睡觉就不停的流汗，去医院也看过了，药也吃了好几百了，就是毫好不了啊。”我就建议他去看看中医，后来他告诉我说好了，我问：“这么治好的？”他说：“我把被子换成了毯子。
182,12972,爷爷八十岁生日拿出六百块钱来向我显摆，看咱又有压岁钱花了。那不叫压岁钱是老爸和叔叔给您老祝寿的。爷爷:哦你说的那是养老费我说的就是压岁钱，好随你怎么说吧。你太奶奶和我四姑中午说了，我又长了一岁，这钱是让我买零食的。好吧你赢了
13,377,说个单身狗的事，劳资女，不割。一次一个人去吃火锅，调料自己用小碗配的那种，我在放麻油的时候拿成了芥末油，弄好以后把煮好的东西放小碗蘸酱吃，放嘴里一瞬间，从喉咙开始，然后感觉整个脑子都爽了，那滋味谁吃谁知道，后来我一眼泪的去重新配调料。我真不是因为一个人吃火锅才哭的，请那家店员们相信我。
71,5550,我爸前段时间刚学会玩微信，就让我把家里的孩子全给他加上，然后他一个个的打招呼。他跟我堂妹打招呼时就说我是你大爷（我们那边方言大伯就叫大爷），然后那边发过来一段超级凶的男高音，我C尼玛，你是谁大爷，你哪的信不信劳资找人砍死你。然后我堂妹藏了三年的男票曝光了，然后就没有然后了……
19,1186,和男朋友去看电影，爱情片，看到激情戏，我害羞的捂住了眼睛，男朋友拿开我捂住他眼睛的手，问：你捂住我的眼睛干嘛？我害羞的小声说：嗯，想试试，我先学会
22,2133,儿子上幼儿园，今天我来接他放学，骑车带着他慢悠悠地走着，路上看到有卖烧饼的，趁此教育儿子说：你看那位阿姨做烧饼多么辛苦，不如我们买几个照顾一下生意吧！
74,5998,吃完晚饭，嫂子刚要收拾，老妈看了老爸一眼。老爸立刻起身收拾碗筷……
3,275,和老妈一起去化妆品店买东西，正好搞活动有一次抽奖机会，老妈抽中了三等奖，可以选一个盘子或者小瓶洗发水。老妈问我选什么，我就拿起盘子看了看，发现是釉上彩的，加上周围很多人，楼主装逼心膨胀，大声说:肯定不要这个盘子，釉上彩的有毒！大家不要选这个呀！然后有个店员默默说:盘子是装饰用的，不是让你吃饭用的。我那个糗呀……千万不要随便装逼，否则下场很悲惨！
